,status
9160,0
8979,0
8169,1
3016,1
2063,0
3990,0
7520,1
5058,1
2964,1
2277,0
9850,1
7011,0
279,0
7740,1
9057,1
4667,0
7349,1
3131,1
1481,0
4728,1
1486,0
951,1
3601,0
1172,0
1960,0
4478,1
11143,1
6716,0
8265,0
10871,0
164,1
6102,0
684,0
7480,0
2394,1
3246,1
11396,1
3707,0
3823,1
6604,1
6617,1
7251,0
4979,0
8477,1
138,1
6291,1
4245,0
9838,1
8988,0
1349,1
8071,0
1069,1
8261,1
3911,0
1377,0
3373,0
4777,0
10597,0
1105,1
6299,1
1499,0
2743,0
6477,0
1812,1
2608,1
9017,0
1649,0
2610,0
2366,0
1908,0
8878,0
6605,1
10221,1
10262,0
2692,1
64,0
4834,1
7279,1
3011,0
9963,1
6614,1
1718,0
7871,1
3092,1
2816,1
8825,0
5801,1
7262,0
1536,0
1841,1
8888,1
9989,0
2689,1
2127,1
693,0
4716,1
4418,1
955,1
5531,1
1497,0
10519,0
8558,1
538,0
10438,1
9681,1
3394,0
9166,0
1260,0
3279,1
5408,0
3748,0
2970,1
2476,1
9921,1
5225,0
3709,1
11090,1
10927,0
811,0
6285,0
824,1
10766,0
3042,0
5496,1
8035,0
588,1
8986,1
5491,1
6871,0
8051,1
8755,1
7334,1
8431,1
2429,1
6027,0
10460,1
1019,0
1824,0
10204,1
6191,1
10625,1
10483,1
4304,0
4964,0
10087,0
1585,1
2475,0
4968,0
5240,0
448,0
9588,1
8763,1
8657,1
2992,1
3171,0
6236,0
8757,1
2218,1
11017,1
1634,0
1686,0
11,1
5140,0
7071,0
5139,0
7629,0
17,0
6171,1
467,1
9908,1
321,1
8403,1
4412,0
5679,1
10858,0
6906,0
5223,0
7943,0
8151,1
5347,1
4273,1
4220,1
6715,0
11221,1
8923,1
5911,0
6649,0
5755,1
887,0
9524,0
3828,0
9424,1
6526,1
2359,1
5245,0
676,1
10670,0
10957,1
950,0
5376,1
6023,1
5754,0
6316,1
8526,1
10686,1
2937,1
3087,1
861,0
8677,0
9358,0
6869,1
7858,1
4372,1
3318,0
5920,0
176,0
3100,1
4405,1
9612,1
6791,0
3372,0
4256,1
9391,1
8168,1
10573,1
7916,0
4609,1
7347,1
1097,1
10371,1
9834,0
4308,0
5135,0
10236,1
3826,0
9095,0
4447,0
4222,0
8534,0
3641,1
5732,1
4863,1
977,0
8260,0
9366,0
7054,1
7233,0
5506,1
8175,0
856,1
9816,1
5717,1
4959,0
6597,0
2270,1
8185,0
7761,1
8715,0
6860,1
1867,0
2231,1
4921,1
2125,0
8804,1
6288,1
10392,1
4809,0
10539,1
5718,0
5585,1
11323,0
3628,1
6820,0
2088,1
957,1
2428,0
11073,1
1174,0
4505,1
4881,1
11269,0
3893,0
8007,0
921,0
754,1
6921,0
9745,1
10646,1
5008,1
8319,1
3200,1
2548,1
4052,1
5973,0
6021,1
1763,1
10326,0
3143,1
3891,0
6745,1
3273,0
7851,1
1622,0
8422,1
1115,1
2750,1
4247,0
9040,0
4971,1
10304,0
1760,0
1618,1
8882,0
4351,1
7980,1
4934,1
3943,1
774,0
7992,1
4152,0
536,1
5178,0
511,0
9172,1
4930,0
1285,1
651,1
5397,0
761,1
6778,0
10119,1
7997,1
5957,0
7475,0
8057,1
6024,0
9082,0
4789,0
8651,1
9168,1
7667,1
650,0
7853,0
6777,0
2747,0
11268,0
11344,1
10543,1
4282,1
4019,0
4595,1
6456,0
10197,0
4884,0
10516,0
10617,1
3118,1
3379,1
9016,0
5007,0
4324,0
3510,0
3405,0
381,1
9565,1
9738,1
670,0
8356,1
7570,1
5118,1
11202,0
2716,1
4870,0
7548,0
2573,1
9021,0
7486,0
9085,1
10364,0
745,0
8668,1
10934,0
11069,0
10652,1
5427,1
4735,0
4109,1
4774,1
9943,0
1843,1
7829,0
5473,0
7490,1
6216,0
10378,1
3881,1
1443,1
2879,1
6210,0
3099,1
3388,1
8799,1
10889,1
5800,0
3857,1
6754,1
7960,0
5164,1
9279,0
7081,1
7318,1
4913,1
1180,0
9137,0
9357,1
8858,0
2203,0
6345,0
11087,1
10980,1
1044,0
3757,0
7967,1
6809,0
174,0
10155,0
4249,1
8368,1
3688,1
8960,0
5944,1
11158,1
396,0
8038,1
6366,0
11382,0
1134,1
1452,1
9183,0
808,0
10259,0
7289,0
2145,1
7714,1
3001,1
10014,1
9468,1
1424,0
10341,0
6478,0
2070,1
979,1
7674,1
7886,1
131,1
558,0
515,0
3493,0
3206,1
3798,1
6318,1
5226,1
10240,1
5459,0
3700,1
9097,1
10249,1
2284,1
5610,0
1006,1
10626,1
1336,0
3407,0
1063,1
8501,0
9412,0
3643,1
4578,1
4377,0
7527,0
4278,0
11153,1
1612,1
8258,1
8023,1
3742,0
7915,1
2620,1
6178,1
7936,0
3531,0
9069,0
9576,1
10942,1
7554,1
4046,0
10962,1
4058,0
7481,0
5700,0
649,0
8725,0
8642,0
10695,0
7771,1
3337,1
4799,0
871,1
2590,1
10287,1
8304,1
718,1
1730,1
5378,1
3027,1
7470,0
3170,1
3089,0
5106,0
10060,0
3703,0
4012,1
7342,0
8313,1
3113,1
4305,0
9148,0
4909,1
4165,0
991,0
7737,1
6197,1
1216,0
8746,0
3632,1
4976,0
10982,0
6779,1
2129,1
1734,0
4402,1
2659,0
3469,0
1356,0
258,0
7655,1
10156,1
5902,0
10824,0
1422,0
10672,1
7143,1
8339,1
6295,0
5694,0
1078,0
4594,0
5336,0
9418,0
63,1
2077,0
2943,0
7516,1
10893,0
6144,1
5015,1
9462,0
706,1
8438,1
8555,1
1720,1
9825,1
3274,0
3901,1
3410,0
4548,0
7389,1
2082,1
4897,1
10247,0
9999,1
5674,1
5284,1
1382,0
5567,0
2265,0
7741,0
10505,1
1305,1
10439,0
1383,0
8293,1
8674,1
7255,1
4449,1
8326,0
4244,0
4461,0
2554,1
9265,0
8565,1
4047,1
4445,1
30,1
163,0
6330,0
9956,0
6558,1
6422,0
9736,0
8316,0
1804,0
311,1
8255,1
9988,0
8126,0
4458,0
9526,1
10706,1
11374,1
675,0
7417,0
1370,0
10616,0
10513,0
477,1
3718,0
574,0
2794,0
5516,1
4878,1
3959,0
3918,1
1665,1
5570,1
6837,0
2787,0
4028,1
9901,0
6283,1
8762,0
11032,0
3140,1
6017,1
11019,1
9629,0
3989,1
5723,1
8002,0
8601,0
394,0
437,0
2261,1
1902,0
5794,0
2606,0
7367,0
10814,0
6312,1
10650,0
2531,1
3397,1
7748,1
6696,0
8471,0
4958,0
6107,0
6034,0
6970,0
591,0
4818,0
228,1
9214,1
10677,1
3676,1
4867,0
9552,0
1610,1
9721,1
3459,0
10770,1
2677,1
2848,0
5133,0
8680,1
767,0
9215,1
3315,1
8778,0
10368,1
7348,0
592,1
7228,0
8811,0
7842,0
3399,1
5560,1
6440,1
9995,1
5433,1
11002,1
9092,0
2462,1
5598,1
1671,1
3549,1
1030,0
9673,1
5870,1
907,1
9749,0
801,0
5549,1
1244,1
5663,1
7197,1
10787,1
6995,0
2300,1
8644,1
3504,0
3530,0
8001,1
8174,1
1413,1
72,1
7522,0
7048,1
5751,1
5372,0
445,0
729,1
8094,1
3673,1
9128,0
2223,0
3484,0
3697,0
10070,0
5737,0
7716,1
3034,1
3815,0
7252,1
685,0
4942,1
7742,0
507,0
8472,0
6568,0
4361,0
2253,0
1325,0
5934,1
11018,0
188,0
10875,0
5810,0
2043,1
6127,0
10825,1
11260,0
7556,1
10729,1
1431,1
7201,0
7063,1
10813,1
10745,0
1021,1
4074,1
9795,0
1346,1
2513,0
6598,0
6956,1
8307,1
6100,0
513,0
1160,1
10797,1
7237,1
8370,0
2583,0
7968,1
7335,0
1450,0
5442,1
6193,1
3495,1
7009,1
9260,1
5292,0
11022,0
2916,1
4039,0
7908,0
3884,1
8179,1
2868,1
2020,0
9590,1
9715,0
9113,0
11262,0
4983,1
1938,0
8575,1
4969,0
6245,1
3174,0
9023,0
3054,1
2352,1
3965,1
4880,0
5974,1
5200,0
7824,1
5019,0
6287,0
10171,0
10585,0
3452,1
6377,0
5543,1
2966,0
5436,1
3668,0
10829,0
947,1
5137,1
5883,1
9803,0
11209,0
7409,0
11226,1
1024,0
2000,1
6512,1
6067,1
3556,1
3244,1
7819,1
10817,1
8144,0
1570,1
10444,1
2622,0
5785,0
3247,0
5689,1
1945,1
1466,0
9651,0
5776,0
4486,0
5778,1
2604,1
6755,0
8317,0
4320,0
267,1
2109,1
1100,1
7039,1
9700,0
1611,1
10762,0
10764,1
10529,1
3974,1
3398,0
5905,0
4629,1
488,1
1328,0
8559,1
3838,0
7670,0
5386,0
4453,0
2755,0
7207,0
8254,1
2633,0
2092,1
2313,1
10093,1
5444,1
90,1
5559,1
9593,1
8689,0
9324,1
234,1
6174,1
1751,1
4999,0
10700,1
10789,0
10545,0
6518,0
5913,1
11061,1
5888,1
11096,1
7415,1
8815,1
5415,1
10917,0
73,0
7206,0
5319,1
9293,1
2724,0
10162,1
9360,0
8236,1
7877,1
5574,0
3889,1
7519,0
2007,1
3956,0
8167,1
890,0
11267,0
8290,0
3999,0
8338,0
5316,0
5860,1
9225,0
1540,1
6274,0
9209,1
9060,0
6924,1
6148,0
6652,0
11146,0
8296,0
11273,1
3829,0
4933,0
8157,1
1419,0
4649,1
10224,1
10862,1
1194,0
5369,0
8951,0
1554,1
2423,0
3985,1
6519,1
4286,0
4262,0
3063,0
4089,1
10657,1
4928,1
1790,0
1501,1
9974,1
2292,0
1159,0
51,0
923,0
6183,1
4730,0
3975,0
4805,1
10742,0
4408,0
5301,0
7892,0
9899,0
6238,1
4023,0
9083,1
4678,0
7601,1
1537,1
4354,0
1300,1
760,0
4375,0
2532,0
8,1
1663,1
2242,0
3935,1
9115,0
4982,1
9727,1
126,0
528,1
7446,0
9539,0
2741,0
2623,1
3867,0
7077,0
10147,0
1744,1
5728,0
4388,1
8419,1
3320,1
10317,0
9586,0
3735,1
8131,1
9615,0
5267,0
7860,1
3726,0
4682,0
4768,1
4213,1
3455,0
1731,0
850,0
8511,0
2194,0
10946,0
7055,0
3747,0
3736,1
3021,0
4277,0
9633,0
10387,1
6457,1
1910,1
4858,0
41,0
3876,0
8072,1
11310,1
2493,1
6300,1
6227,0
10057,1
6094,1
7230,0
928,1
5391,1
6845,1
9978,0
6280,1
9640,0
552,0
4122,0
11255,0
3615,1
4203,1
8233,0
107,0
7958,1
7571,0
412,1
9048,0
4073,0
4137,1
6271,0
794,0
6511,0
2817,1
1639,0
4173,1
2470,1
7698,1
9380,0
10428,1
9177,0
11243,1
8580,0
9636,1
5174,0
1213,1
7843,0
8734,1
6720,0
10431,0
1010,0
9801,1
11331,1
9437,0
1449,0
5435,0
6828,1
6606,1
4162,0
170,0
10525,1
133,1
9830,0
191,0
1363,1
7790,1
1088,0
8586,0
6874,0
1884,0
10372,0
9574,1
2850,0
6112,0
10697,0
9905,0
7314,1
2170,1
1362,0
182,0
10649,0
7686,0
6347,1
262,0
9543,0
9073,1
2084,0
2813,1
8737,1
60,1
7576,0
3406,0
4606,0
8894,0
3528,1
9329,1
3132,0
2364,0
11148,1
1872,0
6369,1
5298,1
128,0
1224,0
576,0
5381,1
1813,0
2039,1
9043,1
386,1
3035,1
8515,1
9315,0
5784,1
9527,0
7754,0
6011,0
10854,1
8962,1
5064,1
6502,1
5910,0
2746,1
2044,0
613,0
8441,0
8595,1
9939,0
6346,1
3377,1
2293,1
6200,0
11078,1
6208,1
219,0
9196,1
6653,0
9984,0
818,1
5385,0
10856,1
399,0
3987,1
479,1
1949,0
10738,0
834,0
9752,1
8604,1
9258,0
10136,1
1818,0
8116,0
9193,1
4652,0
4126,0
10011,1
10478,0
2133,0
4389,1
1794,1
2535,0
5886,1
6491,1
1495,0
8612,0
280,0
10556,1
5668,1
6237,1
9494,1
8207,0
8049,0
6157,1
4622,0
1918,0
1675,1
2727,0
422,1
7786,0
10040,1
10936,1
3356,1
5410,1
7890,0
547,1
10388,1
421,1
2893,0
9951,0
860,0
3720,1
5377,1
8140,0
9467,0
9642,1
8202,1
6396,0
4693,0
8194,1
1722,0
5985,0
2024,1
3230,1
4639,1
7743,1
4542,0
11168,0
2305,0
4761,0
9915,0
50,0
5501,0
2695,1
5454,0
9147,0
5724,0
431,1
5222,0
9282,0
6579,0
10400,1
6895,0
8803,0
433,0
9322,1
4347,0
9950,0
8686,0
7097,1
4737,1
7400,0
6175,0
5201,1
9236,0
7115,0
6627,0
6016,0
542,0
7082,0
2713,0
3933,1
4185,1
7016,0
8085,1
9446,1
5650,1
4721,0
2996,1
3317,0
136,0
1031,1
4529,0
7037,1
2873,0
8639,1
7708,1
2958,1
2506,1
3221,0
7126,0
10527,1
10381,1
6528,0
7744,0
11218,1
80,0
6792,0
6634,1
11015,1
10830,1
7491,1
6980,1
7730,1
2862,0
1580,1
6387,1
6761,0
1798,0
1240,0
7894,1
8606,1
9503,0
1255,1
1673,0
4614,1
5273,1
9367,1
5142,1
475,1
8593,0
2089,1
11010,1
1153,0
9325,0
3940,0
10909,0
9267,1
7939,0
4666,1
710,0
6787,1
10569,0
7189,1
5861,1
1018,0
1286,1
2262,1
11250,1
5465,1
4960,0
9498,1
10595,0
10939,1
1270,0
1347,0
8204,0
7461,0
10883,0
5102,0
6105,1
7333,0
9916,0
10621,1
3294,1
3638,0
6556,1
10300,0
3819,0
1498,0
1989,0
2712,1
4199,1
8378,0
5303,0
9924,0
8833,1
3682,1
9945,0
10955,1
3793,1
240,0
11296,0
8008,1
3750,1
8231,1
10886,1
10133,0
7220,1
6015,1
1662,0
8270,0
8622,1
11216,0
2349,1
6942,0
8012,1
8070,0
8909,1
10466,1
2196,0
9864,0
4358,1
10376,1
1710,0
1533,0
1939,1
9756,0
560,1
4020,0
2757,0
1597,0
6417,1
5620,1
7451,1
10058,1
1256,0
1940,1
4753,0
2939,0
8379,0
4747,0
10748,1
6790,0
2391,0
8667,0
1901,0
9747,0
4367,1
2104,1
3596,0
9475,0
2960,0
5803,1
2099,0
11081,1
2316,1
2279,0
223,0
3306,1
8277,1
7825,1
9555,1
207,0
4631,1
8653,0
8324,1
5627,1
9904,0
7751,0
1353,1
9522,1
3355,1
6324,0
6474,0
10838,1
3023,1
7864,0
10022,1
8344,1
3659,0
8101,1
6613,0
8953,0
2003,0
4587,0
3080,1
7379,0
4637,1
1579,1
10100,0
6801,0
7558,0
8096,1
5154,1
9350,0
388,0
7043,1
10337,1
4517,0
2971,1
2814,0
2742,1
3790,0
10497,0
7914,0
8543,0
8264,1
5248,0
3885,0
10977,1
6667,0
9785,0
10872,1
6485,0
7780,1
5853,1
6249,1
810,1
9559,1
7859,0
2378,0
3249,0
10342,0
9652,1
3058,0
1307,0
9554,0
7929,0
6085,0
1150,1
5351,1
6593,0
4341,0
10932,0
8396,0
8834,0
5661,0
7179,0
2911,1
1142,1
372,0
639,1
9837,1
1263,1
8729,1
10083,0
6878,1
8989,0
2552,1
9896,1
10118,0
1967,1
6304,0
124,0
5757,1
7442,1
9741,0
123,0
7113,0
5970,0
1825,0
6163,0
4130,1
10305,0
5311,1
6909,0
3282,0
5169,0
1082,0
11346,0
284,1
6690,1
6337,0
4615,0
6685,1
9587,1
1748,1
4788,1
9399,1
7291,1
7064,1
1750,0
9705,1
6469,1
10502,1
2344,0
2759,0
1770,0
2456,1
5099,0
7331,0
1096,1
330,1
8826,0
8295,0
6339,0
6292,0
7926,0
3199,0
9946,0
1827,0
227,0
5304,0
5419,1
5824,0
3762,0
10685,0
8053,0
2854,0
10017,0
5173,1
6756,1
10704,0
10490,0
5990,1
2197,1
8773,1
1962,0
6675,1
9822,0
8599,0
1315,0
8457,1
1852,0
7105,0
2652,0
7164,1
1385,1
8550,1
5290,1
916,1
6445,0
5275,0
7307,0
3503,1
6411,0
9581,0
2184,0
152,0
7624,0
1822,0
9630,0
10698,0
9451,1
7492,0
8919,0
843,0
4325,0
4264,1
5951,1
4850,0
4192,0
3719,1
4572,1
3357,1
7114,0
465,0
9124,0
274,0
10623,0
3512,1
9331,1
6059,1
2187,1
4751,0
2460,0
2176,0
10138,1
4819,0
2016,0
704,1
11189,1
4661,0
5339,1
4873,1
1976,0
7918,0
9401,1
7477,1
6711,1
7627,0
4064,1
2934,1
6771,0
5317,1
2304,0
8111,0
1461,1
7227,0
3448,1
5235,1
8535,1
5211,0
85,1
2299,1
2288,1
7123,0
766,0
400,1
10969,0
8428,0
6190,0
9291,1
2923,1
6844,0
7747,0
9930,1
4303,1
3764,0
1905,1
10307,0
6807,1
9170,0
3524,0
908,0
3541,1
5895,1
2171,1
7546,0
8476,1
3559,1
11038,0
9463,1
4383,0
9659,1
7012,0
2567,1
943,1
4536,0
9015,1
8029,0
10395,0
10808,0
1701,0
6400,0
382,0
8086,1
10605,0
9421,1
8017,1
9203,1
10720,0
9189,1
6181,1
3252,1
3810,0
9230,1
4574,0
1958,0
5898,0
1741,1
1296,1
1351,0
10908,1
11354,0
3190,1
5176,0
1230,1
10495,1
8788,0
5489,0
799,0
331,1
2342,1
8337,0
109,1
8218,1
11004,1
6570,0
8512,1
4142,0
11122,0
3163,1
5527,1
9520,0
4197,0
4225,0
10956,0
6434,0
7030,1
10870,0
205,1
4369,1
6433,0
1404,1
3353,1
10228,0
59,0
1528,0
9934,1
2927,1
2487,1
8402,0
9638,0
6719,1
9566,1
2432,0
5658,0
10358,0
8582,0
2644,1
9224,0
4096,1
4592,1
1090,1
7518,0
2373,1
11039,1
9829,1
1743,0
9314,1
6120,1
4180,0
10174,0
5524,0
1462,1
2400,1
9728,0
10203,0
409,1
7440,1
4350,1
10805,0
11003,1
210,0
4500,1
10988,1
363,0
11285,0
8486,0
5807,1
5150,1
8429,1
10521,0
7215,0
2251,0
10795,0
5749,0
7083,0
6267,1
3872,0
1267,0
9241,1
1880,1
9223,1
7957,0
1895,0
8414,1
9764,1
1728,0
6838,0
9213,0
8688,0
1563,0
9973,1
11241,0
2538,1
682,1
1458,1
2561,1
4683,1
8245,1
4492,1
2335,0
8881,0
1803,0
4316,0
3864,1
11280,1
7414,0
2749,1
1442,1
3917,0
11140,0
3288,0
2141,1
5084,0
6319,1
6654,1
10430,0
9101,0
2707,0
3476,0
10816,1
6276,0
1085,1
5218,1
6615,0
9845,0
3706,1
6931,0
5904,0
4929,0
7018,1
8528,1
2427,1
11380,1
9598,0
8095,1
11025,1
10831,0
4625,1
8570,0
3462,1
4672,0
2562,0
471,1
7324,1
7931,1
7610,0
4852,0
1607,0
7103,0
8039,1
982,1
7612,1
8063,1
6307,1
8518,0
4987,1
10433,0
7659,0
5514,1
4589,1
2449,1
9341,0
7651,1
5638,1
1507,0
5437,1
251,0
4766,1
2399,1
9448,1
5622,1
5166,1
314,1
10554,0
6687,0
10500,1
10346,0
4183,1
10952,1
4577,0
4038,1
3805,1
2045,1
2149,1
6420,1
10154,1
5503,0
10779,1
4233,1
10266,0
8996,0
9702,0
2564,1
9507,0
10488,0
927,1
2281,1
5424,0
3289,0
8514,0
2704,0
9089,1
3537,0
9500,0
7293,0
5180,1
4139,1
5198,0
4670,0
7922,1
3044,1
4150,0
7462,0
6966,1
4348,0
4057,1
9683,1
6972,0
8453,1
9521,1
8695,0
9192,1
5602,0
9774,0
4175,0
2772,0
3952,1
4386,0
7375,0
10253,1
5498,0
6729,0
3640,0
91,0
7381,1
5851,0
8465,0
5843,0
5885,0
973,1
4363,1
460,1
9131,0
6057,0
10207,0
5628,0
4107,0
5461,1
8638,1
841,1
5544,1
10645,1
4896,0
11094,1
8197,0
8560,0
1849,0
348,1
3929,0
8662,0
10848,0
1877,0
7559,1
1972,1
7840,1
6669,0
8940,1
26,1
4013,1
7611,1
2479,1
265,1
7266,0
3226,0
3841,1
2950,1
5709,1
7317,1
11012,0
6030,1
4838,0
8823,0
3522,0
447,0
7305,0
5107,0
7322,1
6373,1
648,1
1057,0
10631,1
5647,0
4091,1
8009,1
7585,1
3017,1
1553,1
8775,1
6988,1
7270,1
10279,0
2799,1
7259,0
10066,0
6269,0
6390,0
1276,0
168,0
10747,1
8992,0
7498,1
554,1
6379,0
9365,1
11156,1
7453,0
6393,0
6415,0
646,1
3447,1
4113,0
7306,1
3971,1
9212,0
6406,1
10727,1
6985,0
4962,0
3817,0
4312,0
2931,1
5534,0
9993,1
9080,0
2108,0
4428,0
4302,1
7127,1
5963,0
6452,1
7625,0
1095,1
10654,0
5953,0
10906,1
2872,1
931,0
8824,0
4263,1
4093,0
1163,0
6840,1
5537,0
2436,0
10394,1
3837,1
8386,0
9007,1
4366,1
3194,0
3362,1
9900,0
2710,0
9672,0
2913,0
7956,1
9977,0
622,1
338,0
7150,1
5690,1
7750,0
9960,1
7619,0
1103,1
1547,1
6651,0
5741,0
5802,1
7125,0
6182,1
5542,1
10432,0
8632,0
11286,1
8030,1
8303,1
7036,0
2417,1
6996,1
2131,0
2332,1
9233,1
10296,1
5483,0
7346,0
5146,1
10660,0
8006,1
8694,0
3622,1
3631,0
8563,0
1417,0
8240,1
403,0
5321,0
3248,1
1645,0
2793,1
9765,1
11190,0
10476,1
7180,1
5756,0
2228,1
3532,1
10755,1
5046,1
4094,0
6818,1
4522,0
8241,1
3713,1
6087,1
5949,1
3672,0
11257,0
5639,1
3472,1
432,1
271,0
5550,1
4410,0
7567,0
4416,1
7510,1
3426,1
8968,0
9635,1
3666,1
6817,1
7535,1
5,0
2876,0
10059,0
5626,0
3822,1
6044,0
1032,0
6658,1
10140,1
2997,1
3552,1
7803,1
995,0
2173,0
3653,0
98,1
10760,0
6335,1
2786,1
1266,1
1923,0
10096,0
1189,1
10931,1
130,0
10194,1
2829,1
5246,0
4903,1
10145,1
165,1
11324,1
522,0
5599,0
6177,1
9169,0
10841,0
2536,1
8507,1
9417,0
3667,0
608,0
9005,0
1576,0
6313,0
9730,0
10166,0
4076,1
3921,1
3259,1
2778,1
454,0
2001,0
11318,0
9385,1
7068,0
2207,1
11066,0
4154,1
11167,1
5060,1
10158,1
8506,0
3546,1
5266,1
4707,1
2539,0
8709,1
8160,1
695,0
758,0
1121,0
902,1
6902,0
778,1
9219,0
2789,0
389,0
6123,1
4758,1
9030,1
6290,0
4888,1
11171,1
4917,0
6362,1
6195,1
7994,0
11107,0
1875,1
9849,1
3765,1
28,0
5260,0
5906,1
734,1
8726,0
1427,1
6041,0
3712,0
10532,1
10220,1
1520,0
7344,1
2156,1
1755,0
733,1
9516,0
9243,0
1226,0
10080,1
7026,0
3834,0
2234,1
6520,0
3547,0
1621,1
10584,0
1996,1
5612,0
4340,1
4102,1
10822,0
6989,1
11414,0
624,1
2062,0
3687,1
3105,1
6442,0
367,1
2163,1
4552,0
7528,1
945,1
3150,0
2439,1
4202,0
5703,1
6673,1
9307,0
3634,0
11246,1
3019,0
4775,0
4149,0
127,0
11295,1
4021,0
9152,1
906,0
5051,0
8539,0
8383,1
6092,1
3733,1
383,1
6334,0
1912,0
2290,0
5685,1
8607,1
9347,1
8487,1
11232,1
3402,1
384,0
8907,0
929,1
9274,1
6822,1
4956,0
7685,0
5074,0
807,1
4395,0
857,1
7991,0
6883,0
5809,0
2732,0
6121,1
6855,1
7720,0
5859,1
4474,1
780,0
9327,0
3874,1
3555,1
2032,0
4568,0
942,1
5428,0
8146,1
7310,1
1054,1
4750,1
10662,1
10534,1
7849,0
5234,1
1709,1
10620,0
25,0
11031,0
9784,0
4857,0
10009,0
6857,1
10209,1
5829,0
8362,0
11388,0
8191,0
3776,1
11333,0
10731,0
2859,1
1360,0
6446,1
6550,1
749,0
4820,1
10468,1
1181,0
7142,1
8171,0
10229,0
8921,1
5520,1
5999,0
10088,1
5072,1
4571,1
3770,1
8975,1
6945,1
7621,0
8301,1
1262,0
854,1
10173,1
7928,1
2678,0
5041,0
3792,1
9091,1
3739,0
1198,0
6760,1
5584,1
179,0
6222,1
3276,1
8440,1
11176,1
4095,1
10114,0
10248,1
7865,0
8937,0
2810,0
1268,1
8513,1
10721,1
7241,1
9071,0
10599,1
10272,1
397,0
1329,0
7391,0
9592,0
5993,1
8730,1
12,1
9242,0
4694,1
357,1
7464,0
9991,1
3961,0
9664,0
10457,1
2593,0
3645,1
8952,0
4790,0
9127,0
9364,1
3167,0
4401,0
5828,1
5956,1
2788,1
2551,1
5280,0
3814,1
4349,1
11230,1
6118,0
8162,0
6341,1
444,0
10345,0
1330,1
8494,1
10807,0
4713,0
7286,0
7668,0
2055,1
7692,1
6372,0
1982,1
1724,1
1774,1
9055,0
9877,0
7433,1
8206,0
9982,1
8298,1
5187,1
5018,1
3142,1
3313,0
6926,1
9628,1
8389,0
9042,0
10193,1
9122,1
7941,1
5082,0
5540,0
526,0
10246,1
7660,0
1968,1
352,0
3553,1
2431,1
9025,1
2015,1
6842,0
5903,1
1196,0
3263,0
11306,1
2492,0
604,0
1689,1
2665,1
10578,1
5777,0
5053,1
10895,1
2190,0
8880,0
443,1
7404,1
8890,0
3988,1
10344,1
334,1
5594,0
6091,0
1521,1
1072,0
102,1
7100,0
4310,0
1225,1
9929,0
9157,1
6416,0
9297,1
296,1
7277,1
6672,0
2286,1
6432,1
11051,1
6616,0
7895,0
2728,1
481,1
5696,1
3300,1
1721,1
2179,0
5190,1
8796,0
9112,0
9528,1
6636,1
10297,0
5160,0
2929,1
1132,1
8733,0
464,0
10991,0
3869,0
8781,1
1192,1
2991,1
6150,0
11413,0
1659,0
3664,0
1201,0
8524,0
8346,0
4767,1
10715,1
2797,0
9967,1
7989,1
6834,1
10810,1
4033,1
6659,1
7620,1
7320,1
6782,0
5469,1
2576,0
6505,1
3602,1
1000,0
6759,0
7092,0
6152,0
10671,1
9556,1
7724,1
9058,1
9509,1
7132,1
9667,1
266,1
6464,1
5931,0
2928,0
10765,0
3609,0
10172,1
11408,0
1616,1
3106,0
11185,0
8613,1
4240,0
2235,0
2237,1
1952,0
7909,1
3006,1
1900,0
891,1
10025,0
8401,1
5530,1
10056,0
8497,1
11050,0
8706,1
9639,1
4859,1
3421,1
6212,1
5565,0
5529,0
6543,0
1111,1
5762,1
5925,0
10504,1
5413,1
8377,0
482,1
5596,1
206,1
3554,1
1327,0
10347,0
1440,0
3090,1
1050,1
4910,1
4211,0
8269,0
283,0
11194,0
1476,0
3209,1
6001,0
5643,0
5697,1
5775,1
4537,1
9776,0
4875,0
7973,1
7155,1
4743,1
5179,1
732,1
450,0
5850,0
4525,1
5572,0
10288,1
2852,1
10826,1
6003,1
6009,1
2067,0
7542,1
7974,0
3182,0
6078,0
8455,0
8938,1
10897,1
4123,0
2397,1
6072,1
8249,1
3675,0
5104,0
8654,1
4441,0
336,1
2384,1
3816,0
6799,1
285,1
423,0
4950,1
7728,1
2105,1
5153,1
5155,1
10901,1
5884,1
4407,1
2545,1
2699,0
7537,0
9038,0
5672,0
2870,0
11043,1
7893,0
3164,0
2320,1
3806,0
3868,0
4712,1
6256,1
9602,1
7827,0
5254,0
4985,1
6104,0
517,1
5894,1
9078,1
922,1
3649,0
5779,1
1526,1
4544,0
5747,1
8784,0
6063,1
1739,0
9429,1
583,1
62,1
11118,1
6230,1
9011,0
8363,0
10846,0
3363,0
184,0
1275,0
67,1
9744,1
7434,1
7401,1
8306,0
8463,1
5113,1
3339,0
7390,1
5039,1
978,1
9340,0
8865,1
2006,1
4920,0
5592,1
10510,0
6529,0
8219,1
8177,0
4468,0
11080,1
2681,0
3020,0
2448,1
1242,0
6561,0
7218,0
8285,0
3996,1
11422,1
6692,0
5969,0
3922,0
10849,1
5346,0
2148,0
10150,1
4556,1
7338,0
3314,0
10365,1
8971,0
559,1
2785,0
11024,1
4776,0
3152,1
9181,0
11184,1
4230,1
3912,1
8932,0
2086,0
5367,0
3050,1
6398,0
7154,0
4497,0
5566,0
1141,1
7487,1
10639,0
6381,0
4307,1
4527,1
9533,1
8034,1
10180,1
10804,1
466,1
2930,1
2867,0
10696,0
4333,1
6431,0
9356,1
6990,1
6022,0
11386,1
11328,0
8798,1
7769,0
8685,0
7630,0
7242,0
2701,1
5243,0
2650,0
1620,0
3065,1
11275,1
6562,1
10540,0
485,1
6664,0
1711,0
7200,1
7074,0
1635,0
237,0
10751,0
3879,0
6194,1
2945,0
9396,1
2685,1
5914,0
9295,0
2899,0
8703,0
9338,0
6559,0
11227,1
4835,0
6596,1
8947,1
194,0
3749,1
9064,1
10855,1
8093,0
8702,0
8133,0
3832,0
9052,1
3420,0
11145,1
5002,1
966,1
6042,1
10141,1
6014,0
972,0
6462,0
6331,1
11301,0
436,0
1519,0
5992,1
8297,1
2702,0
5425,0
6263,0
2283,0
944,1
2574,1
4816,0
6841,1
8137,1
3500,1
738,1
7573,0
1806,1
8817,1
8289,1
4196,1
6082,1
86,1
8861,1
820,0
11263,1
8182,1
4732,0
4898,1
2414,0
7493,1
7014,0
2921,1
8764,1
4635,0
2588,1
10557,1
10902,1
1515,0
10713,1
1705,1
1228,1
4644,0
9613,1
5080,0
7449,0
5937,1
7080,0
6811,1
5662,0
5517,1
8351,1
6789,1
2225,0
880,1
10028,0
1378,1
2497,0
9086,0
2686,1
350,1
2406,1
4817,0
9731,0
5098,1
3716,1
9003,0
10366,1
1834,0
4365,1
5274,0
537,1
561,0
586,1
315,0
2363,0
11049,0
1140,0
4079,1
10416,0
7579,0
9099,0
8544,0
3704,1
10054,1
4610,0
3936,1
4669,1
5977,0
1683,0
10628,1
5071,1
10798,1
9246,1
5730,1
7664,0
3751,0
5354,0
10019,1
5272,0
10301,1
1437,0
8033,0
7316,1
4931,1
9150,0
8837,1
9363,1
369,0
11315,0
5398,1
7562,0
4521,1
5078,0
3612,0
785,0
788,0
8228,1
8482,1
11013,1
4208,0
9665,1
8145,1
1807,1
953,1
10005,0
4200,1
5091,1
7866,0
6725,0
1258,1
11065,1
1220,1
6351,0
9799,0
6348,1
1956,1
10546,1
1548,1
7965,0
8275,1
3904,0
4242,0
1053,0
8902,0
11100,1
5991,1
10536,0
1343,1
8852,1
10979,0
325,1
4382,1
4124,0
2469,0
7124,1
2547,0
3888,0
3760,0
10275,0
11390,0
5841,0
2033,0
2066,1
5688,1
2671,0
6404,0
8110,0
2857,0
4330,0
4553,0
1605,0
11055,0
4239,1
8143,0
6051,1
603,1
791,0
7880,1
4711,1
5575,1
7700,1
7961,1
7003,1
9066,0
6374,1
1345,1
1787,1
93,0
9781,0
10913,0
3684,1
10725,1
7424,1
1306,0
4514,1
1538,0
9306,1
4582,1
44,1
9117,1
10013,0
1613,1
9283,0
4836,0
2635,1
1241,1
9375,1
8299,0
521,1
6723,0
4002,0
10202,0
6763,1
1465,1
8649,0
2329,1
9797,1
8866,0
8648,1
3056,1
1676,1
1772,1
5338,1
9913,0
1118,1
6246,1
2134,0
6419,0
1951,0
2544,1
960,1
10544,1
5088,1
8884,1
10840,1
7301,0
4066,1
4433,0
6516,0
8418,0
6960,0
8485,1
3225,1
2310,0
3298,0
4357,0
2325,1
3160,1
6265,1
7116,1
1535,0
8957,1
5115,0
1221,1
9511,1
938,0
1505,0
11307,1
1530,0
5447,1
10642,0
3047,0
3461,1
6069,0
6693,0
9966,0
2117,0
8621,0
3846,0
4781,1
6098,1
1251,0
10611,1
6293,1
10334,1
563,0
2124,1
8981,0
261,1
5867,0
1093,1
6125,0
5402,0
9473,1
5759,1
4281,0
2026,0
7614,0
1565,0
1188,0
9782,1
4808,0
8756,0
11352,0
6881,0
8718,1
10102,1
3777,1
1261,0
2110,1
1469,0
2411,1
4769,0
8978,0
10885,0
8645,1
147,1
8374,0
8159,1
779,1
5835,0
9800,0
1874,1
4022,0
822,0
7354,0
1477,0
498,0
1694,1
9425,1
9719,0
8698,0
3655,0
8793,1
8058,1
1690,1
3285,0
9204,0
6244,0
9693,1
11142,1
6722,1
3061,1
10053,1
10353,0
10900,1
4403,1
7466,1
8541,1
3925,0
636,1
2398,1
9898,1
4301,1
2609,0
2522,1
1551,0
1858,0
5466,0
5191,0
3450,1
6920,1
4235,0
6894,0
7608,1
8678,1
6277,0
2257,1
8583,1
7499,0
11105,0
6637,0
7157,1
1961,0
5070,1
11044,1
1436,1
4731,1
10032,1
6803,0
1587,0
8743,1
3473,1
7925,1
5891,0
5950,0
1202,0
2508,1
2425,0
6880,1
4334,1
270,0
7757,1
3440,1
1368,0
8178,0
3290,1
2291,1
6625,0
1906,1
6986,0
11332,1
997,0
9487,0
1131,0
1232,0
3577,0
2875,0
7987,0
6241,1
6808,0
9583,1
3969,1
6064,1
5334,1
9333,1
8510,0
2526,1
371,0
11395,1
7151,0
6859,0
3534,1
6378,1
8315,1
10331,1
10170,0
5095,1
7640,0
4827,1
10167,0
10588,0
1411,0
3850,0
10598,1
544,1
7972,0
11060,0
10412,0
10636,0
4009,1
9349,1
8300,0
10129,1
8720,1
7384,1
7191,0
1617,0
9390,0
4633,1
7360,0
5042,1
2668,0
253,1
3768,0
8542,0
655,1
8467,1
10448,0
9355,0
7823,0
8173,0
4581,1
7274,1
3486,1
10499,1
3778,1
5282,1
6449,1
6116,0
4000,1
4729,1
5168,1
3618,0
11251,1
5907,1
3784,0
3928,1
2302,1
1459,1
3710,1
5359,1
1304,1
1451,1
4744,0
7056,1
9400,1
8010,1
5277,0
7010,0
5606,0
6898,1
3228,0
8857,1
6515,0
2904,0
8892,0
7176,1
5195,1
4427,1
4098,0
6984,1
8754,0
2022,0
225,1
7297,0
2334,1
8670,0
9070,0
3824,0
4955,0
9573,1
990,1
6199,0
4941,1
9875,0
4543,0
2860,1
7982,0
10692,0
11213,0
4810,1
4752,1
8574,1
7212,0
1454,0
7704,1
10290,1
356,0
9835,1
3277,0
1396,1
3564,0
7881,0
7359,1
11020,1
6630,0
3683,0
3238,0
6958,1
69,1
6785,1
2897,0
375,1
10026,0
11270,1
4953,0
4248,0
8121,1
2451,1
1366,0
2709,0
10233,0
2556,0
1446,0
172,1
5767,1
10425,0
7760,1
5364,1
5856,1
2546,1
7364,0
3543,1
3329,0
9578,1
11426,0
9207,1
10999,1
9933,1
6298,0
78,1
1483,1
10608,1
1367,0
4374,1
8393,1
9496,1
10348,1
2233,0
424,1
470,1
3983,1
9914,1
7718,0
9882,1
879,1
10550,1
735,1
3012,1
8999,1
1995,0
1502,1
5996,1
2569,1
11195,1
193,0
2853,1
9413,0
2193,1
9773,0
1157,1
8139,0
3897,0
579,0
4129,1
8611,0
7502,0
198,1
645,0
6423,0
1602,0
490,1
3692,1
9699,1
2100,1
2601,0
2297,1
7599,0
4538,1
6114,0
6740,0
9609,1
9725,0
4988,0
11165,1
1604,1
4298,1
9371,0
10823,0
7205,1
5322,0
763,1
5108,0
6576,1
9465,0
8832,1
9247,1
9695,1
1848,0
10356,1
637,0
659,1
6618,0
1882,0
7062,1
10320,1
6493,1
11088,0
643,0
965,1
1364,0
694,0
2139,0
5075,1
5821,0
5027,1
10643,0
10192,0
9,1
8864,0
9796,1
8637,0
1444,0
6108,1
9235,0
2838,0
9433,1
9194,0
9644,1
6126,1
7653,1
8011,0
4802,1
2424,0
21,1
2766,0
10406,1
5068,0
9922,1
1041,0
1077,1
1878,1
7148,1
7130,1
4210,0
9622,1
10033,1
6538,0
8360,1
1785,0
5393,1
844,1
3620,1
324,1
11089,1
9718,1
3992,0
8840,1
6888,0
6097,0
2405,1
4804,0
11343,0
494,1
9202,1
3299,0
9216,0
10594,0
6835,0
3606,1
5156,1
6099,0
9771,1
7107,0
8547,1
7679,0
8777,1
3115,1
11287,1
6262,0
2830,1
9919,1
6849,1
8125,0
2679,1
10382,0
5144,1
1687,0
508,0
10541,1
2413,0
4425,0
7418,0
10291,1
8785,0
5121,1
4156,1
3895,0
11126,0
8719,1
376,1
2534,1
160,0
5265,0
9836,0
298,1
7454,0
3774,0
257,0
9862,1
9316,0
10397,1
7472,1
6981,1
1138,1
11150,1
8614,0
562,0
5185,1
3026,1
9711,0
4902,1
5764,0
3393,1
1571,1
1171,0
4770,0
1233,0
7680,1
2135,1
9296,1
4429,1
10992,0
3526,1
1829,0
5533,1
8666,1
3148,1
700,0
5553,0
9395,0
2603,1
11181,0
7798,0
1668,0
2095,0
9186,0
9027,0
5892,0
7830,0
2138,0
2502,0
2974,0
7110,0
8348,1
9426,1
4535,1
9062,1
1394,1
1055,0
1747,1
565,1
4673,0
7682,1
4336,0
4872,1
2878,1
9941,0
4440,0
806,1
6289,0
7166,0
2509,1
10429,0
6738,0
9444,1
5497,1
842,0
6642,1
1779,0
5836,0
8552,1
3880,0
5239,0
4116,1
3862,1
10343,1
1245,0
4077,0
7775,1
1990,0
4560,0
2631,0
4488,0
4680,1
10426,0
2446,0
6661,0
7594,1
10741,1
10535,1
10983,0
9206,1
10212,0
2565,1
1926,1
6004,1
7756,1
453,1
9589,0
8132,0
8918,0
6489,1
2295,1
10600,1
7177,1
2002,0
5986,0
4691,0
11363,0
1337,0
9911,0
2791,1
1,0
8974,1
3731,1
7500,0
3598,0
7326,0
7476,0
11423,0
308,0
11358,0
3265,1
6096,0
2558,1
9710,1
10183,0
8074,1
1608,0
8849,1
8854,0
9768,0
4695,0
3930,1
8635,1
9268,1
6531,0
703,0
3378,0
8903,0
5481,1
6213,1
1777,1
1810,0
2052,1
10181,0
4688,0
826,0
4005,1
3840,1
10861,0
4029,1
621,0
8983,1
5753,1
3539,1
3404,1
1265,0
3648,1
4616,0
5752,1
863,0
3636,0
10467,0
3231,1
10111,0
5729,0
3368,1
7211,1
9671,0
4309,0
11103,0
9452,0
8879,1
2181,1
7119,0
6179,1
6742,1
10995,1
3,1
11312,0
9871,1
1510,1
3419,0
9382,0
7410,0
5975,0
1149,0
5826,1
9965,0
6211,0
5117,0
2126,0
8948,1
4681,1
58,0
7060,0
8973,0
7008,1
4503,0
6333,1
203,1
8251,0
4845,1
985,0
11252,0
1894,1
7529,1
5614,1
2319,0
9881,1
6732,1
6788,1
4229,1
1482,1
7764,1
8154,0
4539,1
10074,1
5151,0
868,0
8446,0
642,1
5045,1
10252,0
2877,1
10667,1
5112,0
8479,0
10618,1
7854,1
6954,1
10730,1
7657,1
4911,1
9534,1
3310,0
10264,1
4676,1
8318,1
5238,0
5692,1
10027,1
5251,1
616,0
6551,1
7147,0
6976,1
4526,0
3485,0
11305,0
9311,1
7146,0
7457,0
11128,1
9685,1
7089,0
233,1
11375,0
1254,1
2825,1
2478,0
4397,0
11067,0
1712,1
7971,0
5167,1
10408,1
2010,1
8183,1
8330,1
5355,1
10323,0
5941,1
6234,0
9143,1
3449,0
10419,0
5523,0
7645,0
3202,0
10208,0
4739,1
9318,0
7329,1
11335,0
1821,0
6329,1
3043,1
6914,1
6633,0
2210,0
5287,1
5997,0
8629,1
7303,0
2151,0
6746,1
10750,1
1670,1
5003,1
11347,0
2199,1
213,0
917,1
5119,0
5982,0
4662,1
9075,1
5332,1
9068,1
4101,0
10788,1
5310,0
7993,1
3153,0
1737,1
6435,1
18,0
2630,1
7913,0
4974,1
3116,1
4813,1
2465,1
9811,0
189,1
5380,0
9336,1
2577,0
1109,1
8731,1
7684,1
10506,1
2017,1
2578,0
1083,0
10537,0
7839,1
9072,0
10694,0
5657,0
5535,1
901,1
9597,1
1354,1
9173,0
4954,1
5968,1
5552,1
11289,1
9182,1
7812,1
771,1
5865,0
9454,1
2914,1
7365,1
4844,1
7467,0
5847,1
9777,0
4026,0
9571,1
7986,1
9545,0
276,1
2212,1
3347,1
7005,0
6694,1
2987,0
1420,0
2250,1
10214,0
4018,0
5024,1
1778,1
4362,1
6897,1
346,0
589,1
359,1
7254,1
1025,1
9200,0
11114,0
882,0
6650,0
5837,0
5675,0
9120,1
1983,1
10391,0
6426,0
196,0
37,1
4390,0
1987,1
9493,1
8227,1
3550,1
1941,1
6640,0
2306,1
7256,1
937,0
4773,1
8184,1
5197,1
5262,1
6583,1
8442,0
3858,0
3483,0
7676,1
4201,0
10116,0
3266,0
120,0
6509,1
1279,0
9551,1
1887,1
1796,0
4924,1
2107,0
10006,1
2468,1
3095,1
1047,0
10396,0
8548,0
11361,1
5130,1
8942,0
11198,0
8200,0
10801,0
4861,0
6566,0
584,0
5519,0
671,1
6734,0
7952,0
10200,0
3385,0
6065,0
451,0
3586,0
8836,1
4253,0
8163,1
7032,0
425,0
204,1
839,1
9387,1
11006,1
7543,0
3633,0
1556,1
776,1
2382,0
5721,0
5983,1
5499,1
3343,1
9232,0
3574,0
1784,0
1045,0
83,1
10281,1
936,1
8189,1
4854,0
9317,1
883,0
4511,1
2021,1
8434,0
3371,1
7429,1
6444,0
6774,0
8732,0
864,1
8958,0
3616,0
8367,1
876,1
4131,1
10182,0
65,0
4842,1
2064,0
1195,1
9111,1
4653,1
7910,1
2443,1
8060,0
1936,0
4824,1
3292,0
5646,1
8943,0
1388,0
8181,0
5964,0
2636,0
10733,1
19,1
4268,0
10061,1
3663,1
3051,1
4634,1
3702,1
116,0
9706,0
2990,1
7564,1
316,0
7392,1
5771,1
8669,1
4434,1
8687,1
2093,0
3639,0
3386,1
10975,0
6460,0
9409,1
5943,1
6724,0
7503,1
783,0
6124,1
4438,0
7315,1
3993,1
11205,0
6517,0
3052,0
3453,1
6130,0
5407,1
6793,0
5818,0
4826,0
2967,1
1247,0
10373,0
6322,0
5812,1
7826,0
7959,1
8767,1
9596,0
3264,1
913,1
6706,1
8210,0
6071,1
4204,1
6522,0
169,0
5476,0
6773,0
1322,0
6275,1
7465,0
6273,1
5110,1
9909,1
2296,1
5616,0
2836,0
998,1
9831,1
9821,1
1660,0
2466,0
3571,0
1243,0
2177,1
3968,0
1706,0
9370,1
787,0
3499,0
1133,0
2584,1
10030,0
1652,0
3584,1
2611,0
2186,0
10227,1
2519,0
6523,1
4677,0
10276,1
4216,1
4856,1
2488,1
7437,1
8100,1
8329,0
9680,1
525,1
3443,0
3623,0
4787,0
6332,1
8594,0
1405,0
3538,1
2711,0
1736,0
4706,0
3073,0
1523,1
10029,0
4257,1
3326,1
2254,0
6252,1
1492,0
5389,0
7352,0
419,1
3729,0
669,1
2752,0
11111,0
3944,1
6305,1
5589,1
2646,0
7749,0
8935,1
11309,0
1026,1
11321,1
4343,0
9303,0
9121,1
5159,1
9457,1
10308,1
5868,1
6414,1
5313,0
6974,0
5005,1
10250,0
10159,1
9227,1
7526,1
1380,1
6425,0
9502,0
11234,0
817,1
10115,0
7644,0
7405,0
7995,0
556,1
1964,1
6355,0
933,1
6983,1
7541,0
935,0
7801,0
4420,1
1738,0
1165,0
9485,1
5414,1
4276,1
8198,0
4044,0
5006,1
1237,1
6530,1
11340,1
6430,1
567,0
2751,0
410,1
6674,0
661,0
4379,0
5204,1
6847,1
4918,0
9210,1
4686,1
4300,0
7779,1
9290,1
2081,1
3931,0
5132,0
10811,1
2823,1
10890,0
269,1
10781,1
8309,1
4815,0
8119,1
10508,1
7517,1
8791,0
7128,0
1839,1
9239,1
9459,1
5874,0
3972,1
7144,1
7067,0
10303,0
1511,1
2338,1
6733,0
8161,0
6626,0
2258,1
2085,0
4547,1
11220,0
10048,1
7025,1
3573,0
2641,0
6311,0
8769,0
11178,0
1294,0
2157,0
8256,1
3107,1
5644,1
2454,0
2589,1
6594,1
5962,0
5576,0
7794,1
6264,1
6214,0
10948,0
7044,1
3340,1
1227,0
9591,1
9759,0
8835,0
2549,0
5210,0
114,1
4409,1
241,0
20,1
11102,1
8413,0
4480,1
1319,1
4482,1
300,0
6918,0
9657,1
10925,0
4504,0
3756,0
2076,0
855,0
10210,1
9144,0
11264,1
10514,1
7430,1
5255,0
9605,1
4297,0
867,1
1373,0
1049,1
3717,1
6095,1
9819,1
327,0
6494,1
112,1
4779,0
587,1
8406,1
5220,1
4455,0
11428,1
6865,0
1358,0
832,0
2657,0
10687,0
7809,1
5854,1
7332,1
5375,1
9348,0
9153,0
10101,1
10800,0
3976,0
11249,0
3907,0
7356,1
5090,1
8354,1
10835,1
5713,1
9029,0
6472,0
303,0
3740,1
3144,1
9627,0
5175,1
6468,0
1544,0
9443,1
9231,0
2226,1
504,1
4008,1
5163,1
9298,0
740,0
3986,0
5196,1
9569,0
5094,1
199,1
6872,0
3293,0
3165,1
8212,0
9312,1
5852,0
8752,1
10707,1
7835,1
1401,0
7785,1
5443,1
10127,1
9872,1
4656,0
2628,0
38,1
5451,1
8050,0
961,1
4970,0
2856,1
4163,0
7602,0
4280,1
2340,0
9996,1
6544,0
500,1
2773,0
354,1
2802,1
4068,1
8748,1
2988,0
2662,0
9445,1
3957,1
7872,0
3114,0
5392,1
5054,0
42,0
4030,1
2696,1
10485,0
11196,1
1271,1
4164,1
10185,0
4980,1
10479,0
11099,1
9410,1
288,1
8898,1
7069,1
10821,1
10786,1
4638,0
192,0
4443,0
9885,1
1408,0
5100,0
5863,1
1022,1
5035,0
3763,1
5641,0
8135,0
6151,1
9100,0
417,0
9709,0
10501,0
4501,1
8115,1
7278,1
3950,1
8405,0
3783,1
2243,1
4663,1
4997,0
3112,0
3807,0
9763,0
9790,0
6730,0
10241,0
150,1
6111,0
9490,0
815,0
2430,0
3000,0
9458,1
2613,0
7873,1
11360,0
2140,0
2260,1
1534,1
918,0
4754,1
282,0
6242,1
743,0
7196,0
10255,0
10717,0
11106,1
9041,0
1740,0
5147,1
11029,1
7719,0
7532,0
2221,1
5702,1
11175,0
5947,1
1831,1
5219,0
3680,1
5363,0
3124,0
1679,0
1881,1
469,1
6294,0
6571,0
5158,1
11304,0
3811,0
4172,0
3905,0
9345,1
3121,0
11027,1
10884,1
11297,0
598,0
11201,1
8155,0
7343,0
2723,0
4481,1
3730,1
6360,1
10591,0
7695,1
9817,0
5855,1
1136,0
6243,1
8488,0
3902,1
627,0
6623,1
10010,1
3391,1
10575,0
8193,0
3958,1
9250,0
101,0
7059,1
8504,0
2120,1
8366,0
4071,0
830,1
9369,1
10568,1
5845,1
3187,0
229,1
10335,1
1591,1
10633,0
2586,0
9432,1
1981,0
7304,1
5525,0
8527,1
2624,1
2979,1
8896,1
2387,0
7358,0
351,1
1791,0
8068,0
1786,1
5040,0
2553,0
3732,0
5746,1
5645,0
4498,0
6471,0
3542,0
8302,1
726,0
10879,0
5811,1
10084,1
5590,0
7906,0
9098,0
10790,1
6913,0
4935,1
3477,1
2200,1
10709,1
9564,0
5832,0
10963,1
1372,1
6900,1
264,0
9532,0
9125,0
5329,1
10582,0
1080,1
4879,0
4840,1
7411,1
3414,0
4814,1
11334,0
3464,0
6798,0
8458,1
4981,0
7811,0
11005,0
10509,0
8342,1
1566,1
3348,1
6927,1
7452,0
10641,1
3236,0
1332,1
8217,1
2725,0
1898,1
7323,0
3446,1
7904,0
4271,1
1129,1
5587,1
7195,0
3271,1
7408,1
6823,1
3211,0
6632,0
5965,0
7213,1
3168,1
6473,0
11387,0
8656,0
7901,0
9970,0
3387,0
6186,0
975,0
2626,0
1732,1
5872,0
1588,1
3581,0
2739,1
9321,0
1238,0
1684,1
3722,0
2598,0
6259,1
22,0
135,1
9218,1
1903,1
4792,0
8176,1
5462,0
5738,1
5485,0
11125,0
4643,1
9449,1
4086,0
8237,1
10052,1
4533,1
5448,1
1199,0
5936,0
11037,1
5353,0
9568,0
3261,1
3146,1
915,1
1493,1
1007,0
8466,0
9942,1
11092,0
748,1
10041,0
772,0
4579,1
4648,0
3237,1
7088,1
6553,0
10653,1
9249,0
5059,1
8268,1
10389,0
6380,1
7846,0
10073,0
5981,0
4748,1
2922,0
660,1
2354,0
9110,1
10579,1
5350,0
9378,0
10436,0
9286,1
4668,0
7896,1
11059,1
9028,1
1937,1
3494,1
8098,0
10086,0
9419,1
858,1
3518,1
6656,0
487,1
6783,0
6908,1
3481,0
7805,1
9351,0
10452,0
2328,0
2946,0
1471,0
8912,0
4642,0
7085,0
8671,0
7120,1
306,0
4140,0
523,1
3077,0
7290,0
5403,0
10678,1
8905,0
4591,1
7606,0
173,1
4528,1
7248,0
3548,0
6172,0
2845,0
3370,0
7469,0
7198,0
5554,0
392,0
2402,0
8013,0
10632,0
6575,1
10966,0
3507,1
10703,1
2474,1
7439,1
3281,1
9126,0
7371,0
2654,1
4014,1
8665,0
930,0
6490,1
7711,1
8481,0
9748,1
7862,0
374,0
2808,0
1144,1
4725,0
980,0
9506,0
4209,0
2841,1
10739,0
6751,0
2647,0
10128,1
8772,1
5502,0
3240,1
8225,0
222,1
4718,0
3296,0
8618,1
3425,0
3389,1
337,0
9833,0
2683,1
3227,1
9865,0
6496,1
10564,0
8066,1
5057,1
10567,1
3466,0
9305,1
8439,0
835,0
1833,0
11329,1
11401,1
7515,1
1391,1
7094,1
4432,0
9208,0
8961,0
6356,0
2753,0
10294,1
1623,0
8587,1
11151,0
7622,0
1066,1
148,0
426,1
3354,1
1043,0
9154,1
699,1
1725,0
10237,0
4238,0
5539,0
647,0
7524,1
8020,0
9012,0
7281,0
3365,1
2660,1
6395,0
1067,1
3418,1
5773,1
6979,0
5878,1
6537,0
10423,1
3197,1
9997,1
7951,0
4243,0
4218,0
5813,0
4628,0
3607,0
7065,1
5797,1
9254,0
7497,0
11124,1
3605,1
2437,1
3457,1
4246,0
2103,0
10064,1
2185,0
6764,0
7057,0
9505,0
4825,0
4059,0
9572,0
11023,1
5804,0
5366,1
8192,1
10055,0
2263,0
849,1
10530,1
7975,1
7633,1
2901,1
10012,1
8045,1
2115,0
6447,1
3445,0
1167,1
2374,1
2505,1
10815,1
10036,0
845,1
8929,0
2625,0
1619,1
10818,1
11093,0
755,0
6250,1
10333,0
5919,0
9438,1
2920,0
10981,0
33,0
6864,1
5384,0
319,0
7707,0
7175,1
3478,0
4992,0
6595,1
9180,1
6028,1
10106,1
2075,0
8964,1
10699,1
5004,0
3646,0
904,1
8883,1
6220,0
5735,0
8904,1
7649,1
7170,0
492,1
2796,0
7325,1
2627,0
6955,1
3737,1
6781,1
10238,1
1130,1
6911,1
9514,0
2220,0
7053,0
9531,1
5241,0
6134,1
9388,1
9344,1
714,0
8745,0
3198,0
10949,1
9508,1
9582,0
8043,1
7963,0
10179,0
3820,1
8827,0
5954,0
2216,0
5093,0
8230,0
10941,0
250,1
9971,0
4062,0
6737,0
2144,0
10929,0
6301,1
7898,1
1164,0
10915,0
4011,1
9724,1
2298,1
2189,0
94,1
8291,0
9499,0
6610,1
10548,0
7345,1
5667,0
10260,1
10107,0
7473,0
6115,0
9453,1
54,0
2214,1
10225,1
1853,1
8323,0
2614,0
5896,1
360,1
8025,1
3842,0
10121,1
742,1
2180,0
10142,0
866,1
9808,0
10095,0
8847,1
816,0
2775,1
208,0
1802,1
10184,1
8427,0
5933,0
8863,1
183,0
3967,0
9045,0
3567,1
1484,1
5149,0
3344,0
2114,1
9404,1
5740,1
3295,0
10614,1
7776,0
2480,0
981,0
1888,0
4385,0
4765,1
3647,1
8517,1
9455,1
7666,1
4081,1
6703,0
9823,1
4338,1
9176,1
626,0
1792,0
3305,1
6122,1
3169,0
7736,1
3575,0
1624,1
3866,0
1966,0
5295,1
9076,0
5063,0
8248,0
1704,1
3284,0
7287,1
2570,1
7590,0
4112,0
440,1
8605,0
10978,1
6367,1
2651,1
11357,1
9824,1
2909,1
3998,1
4601,0
8489,1
9434,0
2282,1
11212,0
5512,1
3304,1
3041,0
11021,0
3429,1
10418,1
3721,0
221,0
5848,1
8426,1
6192,0
1601,1
10923,0
5253,0
6248,0
2541,1
1514,1
1106,1
1773,0
125,0
6466,1
10711,1
5076,0
5416,0
2858,0
1979,1
9354,1
7855,1
10286,0
986,0
236,1
14,1
697,0
3004,0
2529,1
3795,1
8860,1
2533,1
7715,1
9958,1
427,0
3769,1
4042,1
4494,1
428,0
10213,1
1782,0
1656,0
9912,1
964,0
1615,1
9430,0
6832,1
7022,0
6969,0
7782,1
10113,0
9034,0
9294,1
5582,1
2327,0
8221,1
1643,1
8220,1
6140,0
4034,0
1012,0
10018,1
8064,1
10675,0
6486,1
6284,1
7691,1
6382,1
3079,1
698,1
3342,1
6987,1
9762,1
289,0
2809,1
5331,0
6830,0
5453,0
301,1
11057,1
9813,1
4704,0
7216,1
9855,1
2471,1
4184,0
8924,0
9843,1
11133,0
7271,1
6282,1
2455,1
5927,0
10322,0
8751,0
10958,1
2986,1
4664,0
2048,1
4583,0
8460,0
2612,1
9812,1
4035,1
7171,1
10311,0
6836,0
6691,0
6937,1
4392,1
5365,1
11228,1
7639,0
4085,0
1402,0
5768,0
2831,0
7312,0
7383,1
797,1
5780,1
8357,0
9022,0
4772,0
3727,1
721,1
7671,0
3624,1
677,0
7388,1
10565,0
1860,1
3941,1
10571,0
1856,0
2068,0
3470,0
11317,0
7857,1
8141,1
3076,0
1287,1
5916,1
11034,0
10651,1
5959,1
1776,0
7976,1
6539,0
6401,0
5976,1
10359,0
166,1
4821,1
10888,1
2485,0
9342,0
4598,0
3723,0
555,1
3589,1
5613,0
5029,0
8394,0
6470,0
6074,0
634,1
4849,0
9292,0
1071,0
11279,0
3694,1
3046,0
5725,1
510,0
8741,1
2031,1
292,1
4381,1
1392,1
4285,1
8492,0
7209,1
2195,0
484,0
6109,0
9273,1
4241,1
5208,1
100,1
9416,1
5399,0
3184,1
4054,0
9077,1
10313,0
11188,1
10666,0
5871,0
3439,1
8355,0
11299,0
9276,0
2580,1
7772,1
5017,1
7045,0
5420,1
6327,1
4189,1
8005,1
7226,0
2866,1
4161,0
7073,1
273,1
6035,0
657,0
1678,0
5676,1
6147,1
8165,0
8065,1
9723,0
5306,0
6233,0
328,0
211,1
6286,1
7569,0
4742,1
4346,0
7393,1
6045,0
3796,0
1042,1
7652,0
3873,0
119,0
2094,0
6668,1
4800,0
4148,0
6090,1
892,1
4146,1
4041,0
7015,1
9844,0
5731,1
1355,1
5770,0
4862,0
9810,0
8631,0
4608,0
5305,0
40,0
6482,1
11177,0
3224,1
1767,1
2515,0
6206,0
9450,1
1920,0
4700,1
10538,0
1223,1
5901,1
6899,0
6875,0
5515,1
4860,1
4032,1
4283,1
7380,0
9051,1
434,1
2375,0
10987,1
5349,1
6113,1
3724,0
8322,0
7841,0
7583,1
7681,0
948,0
7884,1
6117,1
11211,1
344,1
5086,0
254,1
7169,1
4466,1
4078,0
9255,0
7058,0
9952,1
11046,0
10515,1
11326,1
6903,1
9868,1
3072,0
3215,1
4989,1
5521,1
6657,1
483,0
4696,1
8208,1
4431,1
9893,0
11245,1
11290,0
1700,1
11085,1
662,0
6160,0
4111,1
11160,1
7208,1
5664,1
1835,1
10349,1
2386,0
4097,0
10580,0
6156,1
8464,1
10732,1
2957,0
4327,1
3945,1
7578,0
9185,1
6384,0
1756,1
3033,1
5396,1
5930,1
4759,1
9178,1
2217,1
4565,0
2572,0
3416,0
10837,1
11136,0
8021,0
6753,1
4398,0
9510,1
3176,1
9603,1
5799,0
5880,0
6863,1
2381,1
580,1
2498,0
7832,1
3195,0
10139,0
5504,1
8332,0
1002,0
10403,0
8158,1
9840,0
1506,1
2801,1
10684,0
7636,0
395,1
9918,1
9758,0
5289,0
1788,1
10063,0
1636,1
3509,0
10161,1
9484,0
468,0
10560,0
10712,0
10442,1
11242,0
476,1
10563,0
2238,1
6695,1
10223,0
5056,1
3091,1
9188,0
9535,0
8985,0
9809,0
3409,1
7372,0
6443,1
8320,1
7513,1
6731,1
6046,1
5373,0
8885,0
6328,1
6666,1
3193,1
941,0
7363,0
3505,1
7112,1
10668,0
8022,1
869,0
4822,0
8590,0
2324,1
6749,1
1516,0
9036,0
795,1
7280,1
2499,1
1769,0
491,0
6173,1
8831,0
5271,0
3488,1
10097,1
178,1
10630,0
8783,0
8619,1
9155,0
9512,1
6165,0
5087,0
48,1
5578,0
8399,1
8421,0
11045,0
1781,1
8286,1
3490,1
6549,1
1817,1
10451,0
3529,1
5580,1
8955,0
7382,1
5635,0
3752,0
3218,0
1210,0
6038,1
10350,0
9381,0
5089,1
1815,1
3804,0
8661,1
7033,0
10420,1
10414,0
10198,0
10226,1
23,1
8658,1
2764,1
11186,0
5877,0
1584,0
3855,1
332,1
9887,1
4793,1
5307,1
852,1
11047,0
6784,0
8055,0
7589,1
7530,0
4502,1
1632,0
2768,1
9047,0
2811,0
4986,1
9309,0
5215,1
9541,0
5123,0
4326,1
2209,1
1959,0
4291,1
7245,1
2053,1
9848,1
666,1
6944,1
10293,1
6752,0
11291,0
5921,1
1512,0
10130,0
8630,0
6574,0
920,0
6089,0
3908,1
1886,0
8516,1
4261,1
5177,1
8813,0
9149,1
3527,1
4424,0
10850,1
6139,0
3188,0
1532,1
9240,1
5418,0
3561,1
1562,1
9860,1
4006,0
4618,0
8908,0
3566,1
46,1
1470,0
4740,0
7634,0
7816,0
4451,0
5270,0
7160,0
3681,0
10716,1
5184,0
2972,0
8990,0
7822,1
5145,1
3086,0
243,1
3932,1
11144,1
8636,1
10453,0
1137,1
654,1
8152,1
2805,1
6508,1
581,1
8939,0
784,1
1998,1
744,0
3948,0
3843,1
4549,0
9980,1
6218,1
8744,0
9584,0
8969,0
293,1
7265,1
171,1
36,0
4048,1
8976,1
1922,1
11137,1
4630,1
6993,0
7690,1
6050,1
2317,1
3613,0
6582,0
4714,0
545,1
6239,1
4990,0
6677,0
8848,0
329,0
10877,1
9159,0
4177,1
11219,0
2072,0
9935,1
1994,0
8716,1
3223,1
7591,1
407,0
1246,1
5634,0
3617,1
7261,0
8712,0
9198,1
610,1
10316,0
5061,0
9362,1
1112,0
2761,0
122,0
287,0
4329,0
3544,1
3593,1
11222,1
8610,1
5758,0
11117,0
623,0
5283,1
2353,1
7882,1
10090,0
7807,1
2744,1
2236,1
7079,1
2656,0
7260,1
2903,0
8391,0
6848,0
7214,0
6013,0
6564,1
10528,1
3753,0
11108,1
9858,0
8660,0
9407,1
4104,1
7565,0
11342,1
8226,1
8871,1
10552,1
6060,1
7773,0
6154,0
7669,1
8523,1
725,1
8577,1
8922,0
6620,0
8931,0
7219,1
7861,0
10035,1
5244,1
9372,1
3480,0
7217,1
837,0
1313,0
4645,1
4489,0
3201,0
8993,0
2014,1
4430,1
8647,0
5518,0
4531,0
5882,1
988,1
6131,0
4967,0
10881,1
874,1
5257,1
6671,1
3919,0
230,1
368,0
11079,1
2005,1
7981,0
4024,0
6077,1
3203,0
8102,1
10475,1
2249,1
9464,0
4760,1
10165,1
2941,0
8343,0
6073,0
10610,0
9742,1
9010,0
10046,0
3973,1
5915,1
4193,1
10271,1
10410,1
1170,0
2215,1
2763,0
5819,0
2309,0
10021,1
1896,0
6688,1
6831,1
7687,1
1040,1
10491,0
4181,1
2670,0
2379,0
7551,1
7007,0
108,0
877,1
1667,0
602,1
664,0
10267,1
8473,0
349,1
9513,1
5309,0
8216,0
5681,0
7072,0
11247,1
1864,1
1193,0
1098,1
313,1
2664,1
11313,1
7294,1
5623,0
3853,1
2517,0
6905,0
11210,0
6560,0
1056,1
10081,1
6421,0
3808,1
1146,1
770,1
3119,1
2116,1
2496,1
8205,0
10624,1
7586,0
9954,1
3262,0
601,0
1819,0
4411,0
3698,0
2520,0
6162,0
6961,0
3411,0
5105,1
1250,0
7087,1
2495,1
557,1
1185,1
10860,0
1162,1
8390,0
2698,0
2737,1
5595,1
1735,0
5625,0
4550,1
7568,0
1023,0
6532,0
7186,0
8991,0
11406,1
539,0
888,1
5013,0
4831,0
605,0
10042,1
9548,1
3825,0
1984,0
55,0
9313,1
6106,1
2357,1
5368,1
3437,0
509,1
3914,0
10306,1
6816,0
2638,0
9560,0
2337,0
7210,0
3147,0
10407,1
6928,0
10065,1
1015,0
3506,1
8901,1
514,0
5573,1
1460,1
2419,1
7190,0
4509,0
1117,0
7545,0
6049,1
4510,0
6994,1
5361,0
10493,0
11425,1
7875,1
10282,0
144,1
11419,1
7445,0
8579,1
6315,0
10031,1
6158,1
3301,1
4940,1
9302,1
7435,0
1761,1
4266,0
5494,0
9174,1
10768,1
8235,1
2886,1
2616,1
11162,1
9883,1
3286,1
6413,1
5062,1
5430,0
8509,1
4701,0
11319,0
3172,1
9888,0
10383,0
11288,1
2118,1
8891,0
2629,1
5032,0
8721,0
1326,0
6448,1
4806,1
3272,1
5714,1
1445,1
2833,0
6815,0
3513,1
10852,1
5023,0
7292,1
10842,1
10752,1
2147,1
8766,0
3657,1
6149,1
1879,1
4088,1
10188,1
800,0
1060,1
7341,1
2771,1
6643,0
8920,1
6868,0
4339,1
10659,1
2113,0
7104,0
31,0
9234,0
812,1
10914,1
1344,0
1400,1
105,0
5193,0
6513,1
7978,1
2936,1
247,1
129,1
6142,1
5621,1
3619,1
3782,0
5791,0
10105,1
8170,0
9869,1
1231,0
9270,0
6587,1
11355,1
6475,0
4506,1
11123,0
6392,1
3637,1
5890,0
1582,0
2693,0
24,0
2818,1
5698,0
705,1
3307,0
3028,1
7905,0
11418,0
1851,0
6641,1
6270,0
7706,0
10235,1
10092,1
9570,1
1578,0
6308,1
6338,1
9807,1
